Iteration,Fitness,AParameter,Distance,Diversity
1,94.763196546592,1.9975,3.742093319700083,7.32526348151077
2,89.39163816434062,1.995,5.390168191897398,6.46134849807049
3,98.12210673107894,1.9925,4.6100217085338775,5.613554367739441
4,78.77657840987726,1.99,3.613873927709207,4.572537726635742
5,65.89150927107917,1.9875,4.183247523307903,3.7838555375578635
6,69.57676065249088,1.985,4.537003054366496,3.361321633261606
7,83.41712529178332,1.9825,5.710268754522381,3.558261648398836
8,98.81151466384301,1.98,4.979251719792928,4.79076639825789
9,98.45795336497946,1.9775,5.246031660254985,4.11943788687542
10,100.7088012622034,1.975,4.529035498836208,4.7382806495742695
11,97.59063429330847,1.9725,3.5383065696587277,5.454002246372633
12,90.39869741964574,1.97,3.4820838445118216,4.201140132419896
13,69.24494707993236,1.9675,4.333344532242146,4.210222376997441
14,80.57633870976008,1.965,4.298839541730416,3.1314361992849156
15,86.87314001928608,1.9625,5.155127376902796,3.1945918544754446
16,70.64322651777246,1.96,3.7956155760324806,2.3200659256974427
17,60.270374609400335,1.9575,4.878863864313825,2.2295259973158426
18,39.0599655729273,1.955,3.111655090124259,1.9853893724717278
19,63.87201969823579,1.9525,3.3357811450747445,2.551385363068455
20,58.73331584678262,1.95,3.571173762041984,2.323470608795817
21,42.54663978418195,1.9475,4.347205738132223,2.269158257787242
22,47.31792217758609,1.945,3.5005909548619774,1.9398663626366393
23,56.37028526114694,1.9425,3.3046749916869627,1.8169363861563377
24,33.839973299270554,1.94,3.45022264386862,1.7053391813079632
25,55.78242638282293,1.9375,3.8276147432671945,2.0274814137131436
26,61.19334646554448,1.935,4.190639965303253,2.7890640695850863
27,49.48768106819976,1.9325,3.9638768275077854,3.0457326552085178
28,57.95628395341988,1.93,3.231303697584982,2.475276029562793
29,47.594531848154,1.9275,3.163838222457807,2.293395115832804
30,40.600165722274994,1.925,2.56598974613244,2.212811924836107
31,34.66650805081123,1.9225,3.223857073798365,1.95158235514206
32,49.85374358840555,1.92,2.522397185974651,2.137795717484872
33,34.72399801128083,1.9175,2.6712445947115273,1.719366891276012
34,32.175040820957165,1.915,3.523093185353317,1.502880741832262
35,27.256614945377592,1.9125,2.939554308455645,1.4569526670112116
36,30.16447560547512,1.91,2.9997575040193505,1.1854965410532388
37,25.289639647447515,1.9075,2.922485019424916,1.255483441495076
38,20.57948859242964,1.905,3.007541331998492,1.2317430206741768
39,22.79696189545004,1.9025,2.929879476014935,0.9137292878498092
40,20.787047788474837,1.9,2.8308110562272404,0.6676052748790571
41,18.12172801270657,1.8975,2.805812278407133,0.5935652347603414
42,20.972072672253802,1.895,2.8138946162544687,0.6780742384380215
43,19.654835013777728,1.8925,2.969295505555465,0.7114924919945279
44,17.164700925377176,1.89,2.856996910513377,0.7176514707034607
45,15.528455559066884,1.8875,2.869371412813741,0.4587327233879768
46,15.186000326325484,1.885,2.853217067113529,0.36110565645113574
47,15.825737976517004,1.8825,2.8886080745736322,0.4357405385453574
48,16.74325861127835,1.88,3.0152557893361607,0.6311194469978187
49,16.669256812295373,1.8775,2.8675417148012996,0.7217300488313464
50,15.395595808526295,1.875,3.0105708549336225,0.9919244528924415
51,16.88819851060677,1.8725,2.875908090543396,1.1185067579078363
52,18.46878911755917,1.87,3.0163448798023884,0.7228718110221954
53,19.06654180733574,1.8675,3.0632301695712716,0.7009014786667783
54,19.493317428086954,1.865,2.926708593634069,0.6732786864191416
55,19.221014126049525,1.8625,3.0491859085200126,0.5128691035268637
56,26.695275652777184,1.8599999999999999,2.9464067301335803,1.1367555861062866
57,19.904880495455117,1.8575,2.9018462205756492,1.3078481729159135
58,18.386957083759455,1.855,3.0840987461245017,0.9612152780956876
59,22.015531991666265,1.8525,3.5955507371855444,0.9110536328804736
60,20.13302549342771,1.85,3.066248552358356,0.7303196982349969
61,24.305075430018718,1.8475,3.284131539148582,0.5710203926269145
62,20.998992840596117,1.845,3.2054629802694197,0.6386681539849632
63,17.253931839784656,1.8425,3.1221648371306543,0.45934127567743754
64,24.12009990454021,1.84,2.993790303705798,0.39181136066941924
65,23.996665286014064,1.8375,3.11997665853445,0.39087335928626044
66,20.52563940905668,1.835,2.9635680530644852,0.4236255280716194
67,19.790727373946908,1.8325,3.0997615043555,0.39393398724078965
68,20.28974833179477,1.83,3.062305741579223,0.35522203282114917
69,17.51054258735762,1.8275,3.1090691013446468,0.2692041269870226
70,20.370971226663173,1.825,3.1084391271222445,0.25183649337720965
71,20.94210147486976,1.8225,3.117754491588057,0.28903864719530264
72,22.80998009650395,1.82,3.065877057082688,0.2693335161625456
73,20.11274526877922,1.8175,3.068059825571659,0.28967654027257395
74,19.99947396842751,1.815,3.1142754550840803,0.25478893120131985
75,20.0191261273076,1.8125,3.0228028084068317,0.3071851116890856
76,23.384815051708642,1.81,3.0199822357930897,0.2830706890543554
77,21.669088599212984,1.8075,2.9869457773436383,0.26263672363767376
78,20.69930753667903,1.805,3.0198491305807806,0.2678455027733972
79,20.85932367804702,1.8025,3.0457411234286744,0.26181402076842286
80,24.599892027748027,1.8,3.014555171523152,0.32276838768195987
81,22.874131625427268,1.7974999999999999,3.1091412680383885,0.266626341159789
82,23.995972963185665,1.795,3.0687630018114467,0.3022569455621686
83,24.954465079334753,1.7925,3.0197327517394865,0.35342108614677853
84,30.2894887252168,1.79,3.1348801635380266,0.3233105259586235
85,31.478734872359794,1.7875,3.0080690807515387,0.3494489583589841
86,21.340046712262875,1.785,2.9751331884794494,0.3327974118188766
87,23.3016051288009,1.7825,3.0254748537565157,0.3076141385577191
88,24.891585098207187,1.78,3.099213768357592,0.32028011731294387
89,29.91604803858951,1.7775,3.142517118559278,0.39634801236921524
90,24.920455878010074,1.775,3.1301769153996837,0.3498540934652917
91,27.749638999236268,1.7725,2.974016656652558,0.2880141649102393
92,30.393125020991803,1.77,3.0088718108156876,0.31631548228845113
93,26.953181662477505,1.7675,3.079643793453505,0.33180879738742497
94,23.127519953205407,1.765,3.0143278989545403,0.3505275855288698
95,21.067821682643654,1.7625,3.00070109410909,0.37888501934355856
96,30.049029448068367,1.76,2.982688984113876,0.34726631147552556
97,34.09742564734958,1.7575,3.201177576030844,0.4526674179971308
98,31.488502453268126,1.755,2.9339627018655894,0.4333166321563988
99,32.229166483696915,1.7525,2.8815710048244823,0.33233645551178226
100,28.862828005087337,1.75,2.911517228358881,0.3001528483853214
101,27.91359334996072,1.7475,3.0415387773821294,0.3272214660162766
102,27.61989751908827,1.745,3.0487222853088425,0.32389275573398535
103,24.353757626517094,1.7425,3.0536333140765164,0.34625730372520397
104,28.328218310536798,1.74,2.926606650706749,0.3691457030217533
105,29.731929516001642,1.7375,2.9812257033565834,0.38163039630248574
106,31.612058396179734,1.7349999999999999,3.039521672287548,0.3775869158231385
107,29.53851394749381,1.7325,3.112589275966711,0.4317939232753945
108,30.29319787211658,1.73,2.910074424441885,0.41245043539323634
109,34.487101808779315,1.7275,3.1201142996764735,0.4130033499275151
110,37.341144625576526,1.725,3.1613209407278644,0.4562489121063609
111,32.99591501980464,1.7225,3.020583215688173,0.35759227579776176
112,29.491753374108512,1.72,3.0855286627000154,0.38340716295835675
113,31.83134390185313,1.7175,2.8915560908732383,0.4203563509223886
114,31.37829267527968,1.7149999999999999,3.253949215164646,0.42367602886138267
115,28.174433757078603,1.7125,3.1309380195727807,0.3982581673209781
116,32.62156883224661,1.71,2.984993990943485,0.3691357629306874
117,32.172105539622706,1.7075,2.9539002372420997,0.36494571490510985
118,37.95970896033063,1.705,3.0197339286537046,0.4189691024905483
119,34.52006996335507,1.7025000000000001,2.9268316771784018,0.5198533507905652
120,39.044146969234006,1.7,3.025220202241212,0.4480735222143025
121,32.50323215649999,1.6975,2.992874687281393,0.4124073945064839
122,28.809902114640465,1.695,3.0353342906471985,0.40873193273199054
123,32.4063341380882,1.6925,3.0410368181772585,0.3777851933546873
124,37.95169579626851,1.69,2.9966722841627624,0.4294809666852064
125,40.21416827691864,1.6875,3.0899113867092423,0.4522984548990978
126,37.19093635421324,1.685,3.01455699632881,0.43306621271719126
127,39.48739464248479,1.6825,3.0499249849690266,0.4699567835749917
128,37.62222016364067,1.68,3.03042883302099,0.41778034408216963
129,29.94662045825268,1.6775,3.124367396206477,0.4669306466368372
130,44.774840434654095,1.675,2.8474724084223526,0.4701588780633128
131,35.613299866305255,1.6724999999999999,3.011429833798402,0.419730593082219
132,39.954455243981734,1.67,3.0660889622326204,0.44300748399514456
133,42.05709621445156,1.6675,3.0365925576393384,0.4401276078350027
134,34.015175974836154,1.665,2.9339961146341924,0.39713728102498336
135,38.56634941731129,1.6625,2.97803033690793,0.41066187652491754
136,33.442524831807134,1.66,3.0705680997913145,0.40978444090990324
137,33.28966924629104,1.6575,3.0759712316588197,0.4362631936396741
138,40.757367840618215,1.655,3.181316329660019,0.4319542966369318
139,39.665653050466176,1.6524999999999999,2.955426201876139,0.4805328954174851
140,37.64394856325704,1.65,3.055135977635024,0.44619999043810565
141,38.31506997351379,1.6475,3.1466669617592036,0.4535624954719168
142,44.11740449520036,1.645,3.038115898882076,0.5693658683908054
143,42.661148076355566,1.6425,3.4073315097330767,0.5255554011271532
144,39.398211027159064,1.6400000000000001,2.965481929420773,0.5339294197774316
145,38.730425837264605,1.6375,2.843885706397097,0.4928135658150438
146,30.59023725542025,1.635,3.048948241407336,0.47694972360351456
147,44.869447816151705,1.6325,3.1801591730972585,0.5239994742108599
148,46.038669675829574,1.63,3.0408261702716746,0.5444343113882834
149,50.033381644621954,1.6275,2.943964173085437,0.5787445439973609
150,52.67133231716334,1.625,2.8606736944007034,0.5460187182143103
151,51.9150316079381,1.6225,2.9156445629304995,0.48411281893483016
152,63.67363264748332,1.62,2.7163693537255393,0.45814038682568714
153,51.12936977590916,1.6175,2.8301992658743753,0.39549005693633066
154,45.14827625258209,1.615,2.8824159432620977,0.44610700731786246
155,46.755102458185725,1.6125,2.9244460306382107,0.5528891471718105
156,39.49601329857709,1.6099999999999999,3.1115645954985927,0.44408757264703497
157,45.43216864841233,1.6075,2.860660724336204,0.45387272926319433
158,36.26272742546487,1.605,2.9569474683363066,0.4177325621951321
159,37.07497031755708,1.6025,3.0861146774329145,0.44966531504969265
160,61.341409436039,1.6,3.320469175969476,0.5776308344398194
161,46.62328933877639,1.5975,3.00098845574491,0.6741510488513047
162,51.67318361166048,1.595,3.371262975391624,0.5994273977915104
163,41.850018972136674,1.5925,3.371212750527565,0.7762654768181094
164,43.172362195773665,1.5899999999999999,2.7175708116407296,0.6608696600876213
165,48.32474809032544,1.5875,2.687582997397171,0.552711521883461
166,44.658913485563495,1.585,2.744572201777606,0.6309152887885097
167,47.66510504190474,1.5825,2.763509031401998,0.5292750991897297
168,47.79442326526336,1.58,2.614332541378393,0.461576233263118
169,44.16289165058761,1.5775000000000001,2.6535157704330103,0.490145663268052
170,37.616557757216505,1.575,2.7984856209444353,0.49504786079659563
171,34.64525831318099,1.5725,2.845735248550716,0.5182999555015351
172,36.98225626718418,1.57,2.7779283169087403,0.48938203561455856
173,43.54733146935472,1.5675,2.824854912891964,0.5617202249531389
174,47.47947575417954,1.565,2.9327303732787957,0.602389820138221
175,58.792274759183194,1.5625,2.7177409389431197,0.9058962173653683
176,63.636996670842855,1.56,2.45185832046035,0.6832625917352548
177,43.07124484558167,1.5575,2.72564065077414,0.5829792155194559
178,45.688684895470715,1.555,2.6450163215724674,0.6299281067737579
179,36.794016910282565,1.5525,2.772991513501414,0.5850736910584573
180,51.502520906608154,1.55,2.677629046364347,0.6153168701371391
181,51.079086564945584,1.5474999999999999,2.579531304670271,0.4873632860864415
182,44.10546933360061,1.545,2.7351003044240714,0.49146617174049645
183,58.626782810319995,1.5425,2.46088565276378,0.4979165749751222
184,43.64130573540611,1.54,2.508824167016787,0.5325412616045947
185,41.84668696887044,1.5375,2.71626959302203,0.534057807809583
186,48.12444967707413,1.535,2.6298448073395604,0.652404656452265
187,44.24680651727783,1.5325,2.6931753265349836,0.5323911616842245
188,39.58818951174047,1.53,3.185890398929746,0.6252204241263836
189,43.36887353181825,1.5274999999999999,3.3399112508561752,0.6474431365947834
190,42.78991526614322,1.525,3.1920870460236106,0.8312247486694405
191,54.828937222835584,1.5225,2.835568956935633,0.7843171940933724
192,40.22326825810638,1.52,2.4836294167837587,0.6227884276866087
193,48.39216070247492,1.5175,2.6186669778521425,0.6717997711645436
194,46.06993430182877,1.5150000000000001,2.5349927540031203,0.535200622075957
195,48.184318716314664,1.5125,2.4640404771751636,0.6479421108788189
196,52.13639941231437,1.51,2.5423075264011685,0.6046592169639337
197,47.63515888929679,1.5075,2.4202547848474123,0.6442497148833044
198,53.47488504171704,1.505,2.659001062809339,0.6486134164662912
199,51.06780214716645,1.5025,2.4601812158389187,0.6750151899998593
200,40.75525322880448,1.5,2.6025927365993025,0.599350095636854
201,45.416088782383284,1.4975,2.4942024929003384,0.5798427086761395
202,64.34249550598652,1.495,2.7267848962106656,0.6265692169113273
203,63.41718065343708,1.4925,2.857673359544319,0.8707284466299061
204,52.444722294217854,1.49,2.319587145112704,0.7270288718808119
205,45.395584127138484,1.4875,2.510239798307864,0.7391481900152211
206,39.23194261649705,1.4849999999999999,2.338557356690012,0.747257938169757
207,53.63456541754279,1.4825,2.5691034435926614,0.6051084377609997
208,68.37979925100123,1.48,2.644391322743127,0.5332191537448742
209,59.8715963045383,1.4775,2.5928070114262542,0.7115484220825503
210,57.61611441482803,1.475,2.3368171464666534,0.6403636462954958
211,45.96209246888898,1.4725000000000001,2.6279149398391572,0.6340585563011998
212,47.5456672300229,1.47,3.2162400560933446,0.6757047984018799
213,38.288078658805176,1.4675,2.9795745920447083,0.7473578887410119
214,69.21496443159435,1.4649999999999999,2.595470190998759,0.8228592958538352
215,57.59504696173479,1.4625,2.5647366306284156,0.7900496245321333
216,50.71920165941304,1.46,2.430817563747541,0.5953994171461435
217,46.12231374571781,1.4575,2.4733139978451435,0.6066132398567806
218,50.424181697285206,1.455,2.896143204949421,0.6011062951796287
219,48.5775778432477,1.4525000000000001,2.5411075557177525,0.5781131027189018
220,41.80267678955138,1.45,2.41041083890775,0.5574993763753483
221,45.109338019846696,1.4475,2.399087917028602,0.5396386914584442
222,37.825144573886874,1.4449999999999998,2.397647651089787,0.5111977489068462
223,42.07176032182651,1.4425,2.5942253769403605,0.5724397914571457
224,55.7129185609606,1.44,2.4310843448764023,0.6098056579187726
225,49.97926793757064,1.4375,2.771407694851773,0.7024697764582414
226,47.94732177506275,1.435,2.4679428592326853,0.6862156922862359
227,49.88956164216802,1.4325,3.178110383697729,0.7423322069180898
228,57.558590333414394,1.43,3.2066444256470907,0.7413462703414468
229,49.79488106077281,1.4275,2.272581519487637,0.689780864318136
230,59.012237144210914,1.4249999999999998,2.2188585315605094,0.7151392642880025
231,47.45155167420228,1.4224999999999999,2.811443251484306,0.5951942045310865
232,50.731370342830495,1.42,2.2255120274645384,0.8683105070013039
233,42.88001954605513,1.4175,2.339173196045356,0.7918053684036306
234,45.97759249433351,1.415,2.0255744748877973,0.6838184931993095
235,37.344634254937844,1.4125,2.179798410456399,0.5473153411488585
236,50.559038351285075,1.4100000000000001,2.136061833697197,0.5284328647314827
237,58.67524241706707,1.4075,2.5261993341031856,0.6313706152122809
238,43.66755574305074,1.405,2.5194783172932453,0.6075432474917755
239,36.93318909054995,1.4024999999999999,2.359715369674686,0.5337050024996689
240,33.084353884146765,1.4,2.287060248728935,0.541573311784267
241,38.64384017825766,1.3975,2.311908162697994,0.5099133093922226
242,37.97594470811162,1.395,2.3058969551347634,0.591183725561148
243,48.10755236266287,1.3925,1.9281059105149945,0.6576905562930471
244,43.07766735874081,1.3900000000000001,2.197483445644704,0.5306882100872359
245,45.60160411449168,1.3875,2.168996990337172,0.5284465322037275
246,39.403300229967805,1.385,2.0245497950933316,0.44817040733770935
247,33.24824091809769,1.3824999999999998,2.007404170109698,0.4239989597473309
248,31.379094171678744,1.38,1.9362611624118353,0.4117669356052642
249,42.74657837278362,1.3775,1.9146971669037485,0.47606177979950803
250,39.48964381289166,1.375,2.0363434814151566,0.5037981419847057
251,40.292974007148715,1.3725,1.94268737839026,0.4614365743607748
252,30.47589852703922,1.37,1.9557076572611423,0.457073421964555
253,32.426743363594454,1.3675,1.996652286422551,0.48164112739513654
254,35.44912112098277,1.365,1.9860894652432968,0.5862217887119834
255,44.80819648221157,1.3624999999999998,2.052172055377405,0.5579284718113113
256,27.64762793346347,1.3599999999999999,2.07866195536911,0.5965468996167964
257,39.66277024152679,1.3575,2.035607519814027,0.6344244695035935
258,48.63285356708788,1.355,1.8195125007848725,0.5182662099263803
259,44.223684607019905,1.3525,1.8191488855318931,0.5691767396669787
260,41.641407641966694,1.35,1.9228870963521523,0.45282044177138514
261,38.713256892847845,1.3475000000000001,1.7738731975065365,0.47085045050529245
262,34.231252453152365,1.345,1.753260836271938,0.5803044587263664
263,36.56730743868067,1.3425,1.3331433912094013,0.5769078001038314
264,36.31860044524478,1.3399999999999999,1.3317124626066907,0.5126717060325705
265,35.61354521926174,1.3375,1.4508938909820193,0.49563104210707554
266,24.247771222327614,1.335,1.4285269442131017,0.3995105875699615
267,20.988129016760766,1.3325,1.520088737792054,0.41202038788800016
268,31.100335476898678,1.33,1.5316685845967501,0.43173134491560117
269,24.700588728978488,1.3275000000000001,1.4258570471933025,0.36694722567056715
270,24.99149824478151,1.325,1.5248508106469612,0.37913336463528924
271,22.916266076401655,1.3225,1.4643140860514408,0.4164810052765181
272,25.59235485452821,1.3199999999999998,1.4544943651814546,0.38699558806918644
273,26.785459806807637,1.3175,1.4009100348229953,0.40112288249845485
274,23.753227172386573,1.315,1.5652524551543165,0.3904781191097422
275,23.78988393964721,1.3125,1.3534692975670428,0.3745011615043351
276,23.397851662629222,1.31,1.4767020716239798,0.34080188475042184
277,23.77463558240079,1.3075,1.2932953922917858,0.32986286088898903
278,29.612527585589177,1.305,1.4188338117506967,0.3824560467320298
279,30.12804025856343,1.3025,1.431836722643376,0.3885738588388453
280,24.948019625993666,1.2999999999999998,1.3716029075158933,0.3312476369626123
281,23.513077402535146,1.2974999999999999,1.4121277645691501,0.3880395031046717
282,27.009525473531994,1.295,1.2765833730953864,0.33007280497251934
283,22.11107742625279,1.2925,1.4935578351434724,0.2933108150218795
284,27.366063156715484,1.29,1.4570259958775489,0.5004508048058953
285,24.48171315542878,1.2875,1.4969241496626322,0.39275038319093114
286,24.651423154515342,1.2850000000000001,1.5691475377028297,0.3913491279292326
287,22.26524476668635,1.2825,1.4394662089506705,0.36869006527786524
288,23.67870066058154,1.28,1.4537633539244768,0.4112158284511206
289,26.742189956057615,1.2774999999999999,1.5819447491062335,0.41749328719047163
290,28.052201732244825,1.275,1.6224566439670063,0.3692355417817708
291,22.582193535034037,1.2725,1.3790701136101853,0.32668676769842375
292,22.303745120381834,1.27,1.383344824693172,0.4015347537223645
293,20.860379676086737,1.2675,1.4076057795947845,0.4096195035126165
294,21.513546675546067,1.2650000000000001,1.472587257783547,0.40268776989655636
295,24.658653625785306,1.2625,1.4074201524676515,0.3567508610101158
296,23.812788802577302,1.26,1.4846921678445764,0.2881391126900915
297,25.863108970923648,1.2574999999999998,1.4161412401148161,0.30371739294943023
298,19.00057561962214,1.255,1.525226854462489,0.3802682733628597
299,22.512062759799306,1.2525,1.4135783913302447,0.31803793745869974
300,22.071244160607293,1.25,1.403237746907059,0.27932008797634483
301,23.959674048511133,1.2475,1.4627944436065226,0.34560184686910744
302,29.38723005110991,1.245,1.4036111295042797,0.3392831298043905
303,19.091715814722818,1.2425,1.3986176095824288,0.3072559993946784
304,17.25128543360394,1.24,1.4991579025164856,0.33418180526365504
305,21.98315523128474,1.2374999999999998,1.4110816821621368,0.34339298276416313
306,19.688637716422434,1.2349999999999999,1.4739916875948256,0.35471400170083583
307,15.649430392385568,1.2325,1.4729009230549321,0.29551972424020523
308,19.447027538789087,1.23,1.5620496530177457,0.34808045488444017
309,14.523407680014813,1.2275,1.4747117252012654,0.3178546966832698
310,13.285666382694217,1.225,1.48483776427406,0.31871673100678244
311,15.679610569262294,1.2225000000000001,1.4721413309194549,0.28248142125078834
312,15.656529000566678,1.22,1.4138078145154787,0.2967740432492251
313,16.44887668702232,1.2175,1.3235017263936755,0.3077438018697024
314,14.664938848012682,1.2149999999999999,1.414581953486355,0.35496342045414286
315,19.020106859307816,1.2125,1.3826522672831363,0.3392580978962405
316,17.476122794501762,1.21,1.4701723015008386,0.370489990514993
317,14.903243644083005,1.2075,1.476204316462837,0.3315913766734665
318,18.96390638609472,1.205,1.4907308303882545,0.34812871136747764
319,19.018710508672882,1.2025000000000001,1.5356231686044473,0.3079142763854792
320,19.725421126835442,1.2,1.554757758667055,0.3463816355199599
321,20.414042151873673,1.1975,1.3150448122529372,0.30360046367330373
322,15.17124326246234,1.1949999999999998,1.403925257020809,0.31434017769630984
323,15.238044190944933,1.1925,1.4756518835129768,0.31199053837058877
324,15.289551886648113,1.19,1.4573478456442162,0.39956876164455163
325,18.043382461147218,1.1875,1.3358064210447032,0.3329265423838559
326,17.451634887530773,1.185,1.3181738762925537,0.306878261429273
327,23.1030585754403,1.1825,1.3621262499717823,0.3467319172632539
328,26.12513725774801,1.18,1.247116162348992,0.28200350081389886
329,20.720359562023944,1.1775,1.3707068784404355,0.255388407715854
330,16.46750234545668,1.1749999999999998,1.299962534128459,0.23611718911779955
331,13.257055948591358,1.1724999999999999,1.413673671372892,0.26471260580271355
332,13.812802057213602,1.17,1.4769365713147389,0.31751368695124993
333,11.26842687791273,1.1675,1.4170869733776286,0.25389483534564905
334,10.92312250961794,1.165,1.4769531513612482,0.29398484255959867
335,12.19188865310835,1.1625,1.4652352255630179,0.3257496527383173
336,11.611812359194275,1.1600000000000001,1.442276962354678,0.31181718501800615
337,12.236533972614666,1.1575,1.4246228946118549,0.27766192529523853
338,10.187925208476557,1.155,1.4787909520469975,0.28816099148260166
339,8.697998911350126,1.1524999999999999,1.407125815828778,0.2653236591412712
340,11.71054129112693,1.15,1.3993114626965257,0.3130135161988511
341,12.146706839526288,1.1475,1.319186044863155,0.3049030436507295
342,9.424354558520918,1.145,1.4663154020076552,0.3288298387591654
343,16.139239477065047,1.1425,1.3258459658364063,0.37603265654511014
344,10.100742898402885,1.1400000000000001,1.358151783518487,0.2896781487023074
345,6.401242932208206,1.1375,1.4039721342294746,0.2517129239915288
346,7.385784071418172,1.135,1.4110675653194975,0.2515850684061246
347,8.057341478381176,1.1324999999999998,1.4062849851745154,0.25520123679889806
348,8.879871717139295,1.13,1.3390124917814372,0.28804599071990766
349,8.347299535637475,1.1275,1.4588032703714078,0.3187623894950368
350,5.6168140462285265,1.125,1.419072879769926,0.3409826625863329
351,6.6200798401943075,1.1225,1.3432973668931734,0.252590362314746
352,5.911671698043122,1.12,1.43114822928744,0.26529457912855137
353,6.0505480192882715,1.1175,1.4318408460524934,0.2614116519469366
354,6.875477501667575,1.115,1.343423782259049,0.27464860827873216
355,6.052908918114113,1.1124999999999998,1.4195287503802025,0.29312271879477453
356,10.188164201931073,1.1099999999999999,1.3865276913993885,0.3182399665953888
357,12.965248959708447,1.1075,1.3325128420154857,0.29131521381070924
358,10.724997760951808,1.105,1.439177337333339,0.25623451654984797
359,6.681901245838276,1.1025,1.3828056473644315,0.2491655687192409
360,8.138700382126373,1.1,1.3432539248357218,0.2728750651278115
361,7.781454282232005,1.0975000000000001,1.3374211666422338,0.3182398604618745
362,8.564267199302975,1.095,1.4854147992757822,0.329054236991785
363,8.975963902869353,1.0925,1.3473976433565733,0.29562653674182243
364,6.298980206468116,1.0899999999999999,1.4066021751796152,0.2558278973468072
365,7.445343443959487,1.0875,1.4551983183457162,0.2598746924751788
366,6.118985172816579,1.085,1.4502447636309976,0.270955265922824
367,4.459678430591069,1.0825,1.4339170141540287,0.21719597078732972
368,5.458926468655463,1.08,1.4196133866496639,0.32049102218787107
369,5.238017602873413,1.0775000000000001,1.3685928083266674,0.29939544572313925
370,4.314158406571181,1.075,1.4123879238395525,0.2715870938383207
371,4.874690884725311,1.0725,1.3589039016656113,0.23754937993514505
372,4.690254711336621,1.0699999999999998,1.3862991689007524,0.20488604001993727
373,4.690478727549362,1.0675,1.4541267681501437,0.28570504215690495
374,5.031493107484593,1.065,1.4578025134407289,0.2874117040045821
375,4.46548558969296,1.0625,1.4367396106485726,0.232684718224505
376,4.709700577453717,1.06,1.4279669104761725,0.26285650270217975
377,3.7810309291631654,1.0575,1.3959286545606138,0.25831814835041234
378,3.9411286601871893,1.055,1.3468335904707056,0.2757788601455576
379,5.045539555449082,1.0525,1.3199614088843035,0.2515965097550449
380,4.2128390912684495,1.0499999999999998,1.3890906701359689,0.25096642846281164
381,4.228428216261165,1.0474999999999999,1.3933753708102719,0.23302966270781678
382,3.8446786115288774,1.045,1.451875762629222,0.26545203624672
383,4.081491352341388,1.0425,1.450055199336281,0.2624095206846388
384,3.2659542776967214,1.04,1.4253831521796894,0.30263449226528316
385,4.541448134058797,1.0375,1.4801952892798926,0.2511471484158015
386,3.3952083995611417,1.0350000000000001,1.3591584019531349,0.2440613750816059
387,3.4633034446707427,1.0325,1.4559281533091653,0.2612039093499362
388,4.322542880457007,1.03,1.4066079747113462,0.33664884063255357
389,4.0484380864661205,1.0274999999999999,1.3946675796925352,0.24181768292138278
390,3.0212887163085327,1.025,1.3774977880038939,0.21560003780776213
391,2.7839774708838974,1.0225,1.4091204299863238,0.22305276862219
392,3.47064223980027,1.02,1.3551622012827045,0.29538613094334865
393,3.059120882965445,1.0175,1.4587250999836896,0.27885765680089725
394,5.04277900450019,1.0150000000000001,1.299348505683671,0.26845819076418737
395,3.6622718190919556,1.0125,1.3386988908803081,0.27692596623661764
396,3.0923867581660573,1.01,1.3961033784526207,0.23294906189739195
397,3.7047767167904198,1.0074999999999998,1.4333505091679835,0.29885916988946015
398,3.082004194489514,1.005,1.4181650837197064,0.29796133821184706
399,2.737827464445175,1.0025,1.4078123520203039,0.2414463661084568
400,2.8754527896174835,1,1.395202023389335,0.256690080458863
401,3.123119250559114,0.9975,1.4400555625704285,0.2789413443364894
402,3.5439227771835817,0.9949999999999999,1.3968070293309858,0.28677936104405544
403,5.034641037435179,0.9924999999999999,1.4483650382783833,0.27689477149565933
404,4.070592650476613,0.99,1.371050646988412,0.2564225086022172
405,3.5918953404866443,0.9875,1.3893953428379324,0.25813828783263076
406,4.400513690086285,0.9849999999999999,1.4154591232518308,0.26759801260780386
407,5.866358412848598,0.9824999999999999,1.4459248047776967,0.4279496194120397
408,7.550746021079803,0.98,1.4236776841100582,0.3602174805486616
409,5.639894767499314,0.9775,1.3600992056577854,0.25355847378552016
410,5.789199707894923,0.9750000000000001,1.4716864013090918,0.22468482334569165
411,5.725532612536867,0.9724999999999999,1.4312067798616102,0.3096965368045796
412,5.993037587459455,0.97,1.3899532922758113,0.31713476059053
413,6.301816130553817,0.9675,1.4144882486980588,0.24429498965445462
414,8.665750190591353,0.9650000000000001,1.4955811672159092,0.2842146229670628
415,6.843238839961089,0.9624999999999999,1.3935777936677036,0.24621828105917434
416,7.6423030933131315,0.96,1.4097503887786496,0.25053131631103004
417,7.49111036316954,0.9575,1.4590063125563544,0.24022491566932488
418,8.12711090519116,0.9550000000000001,1.4179580922160238,0.2853256440697353
419,8.873409653785146,0.9524999999999999,1.3970075446365569,0.28131355526197444
420,11.305085430125246,0.95,1.3483764002317196,0.27302743907518207
421,9.571894913318317,0.9475,1.3911147632441876,0.23602451154100446
422,10.623319140406139,0.9450000000000001,1.4132701568465162,0.3071112039416454
423,10.337182512771008,0.9424999999999999,1.4273515762044358,0.2992594971973187
424,10.969732528566126,0.94,1.3867348337692285,0.2649741747325105
425,12.3205519464111,0.9375,1.3747530546021383,0.2960878382394828
426,13.192030978550406,0.935,1.497755681915905,0.2961756063056239
427,13.444857296715412,0.9324999999999999,1.3917998223423302,0.2548598746055678
428,15.327134093972347,0.9299999999999999,1.3767712102136351,0.22444230195145393
429,13.802866924874337,0.9275,1.4274434908368174,0.26390342852003884
430,15.292056758336557,0.925,1.3982314055111194,0.2501720592960008
431,15.19262148749904,0.9224999999999999,1.3738435529062052,0.2755767388774729
432,15.367613675718374,0.9199999999999999,1.4886132629807751,0.3038657105179742
433,15.243976767464218,0.9175,1.4295045453757809,0.2522180011874971
434,16.294621962571895,0.915,1.4331129159984706,0.2705514515833598
435,17.039018792798515,0.9124999999999999,1.4683758146752526,0.2319302682946979
436,18.294774596209166,0.9099999999999999,1.4764142528898674,0.25591732607272477
437,18.443009925245065,0.9075,1.384833540135138,0.23523459584713885
438,18.511887111906745,0.905,1.46091263193145,0.25946686618381054
439,19.34024056421822,0.9025000000000001,1.4256486263402581,0.2276628122624768
440,20.302746551411744,0.8999999999999999,1.4451228885867484,0.23594757642016945
441,21.977825869720732,0.8975,1.3852320221525922,0.2571961235647493
442,21.970505900619926,0.895,1.4585996816671967,0.23974579271296062
443,22.85152401132224,0.8925000000000001,1.4814452677366328,0.2644777541869913
444,24.172863291165726,0.8899999999999999,1.4138654521250402,0.26998353570645917
445,24.357944792496255,0.8875,1.4600655028451193,0.21475880116559534
446,25.32454283804759,0.885,1.4429662917505626,0.24521919109009663
447,25.81251289133597,0.8825000000000001,1.4342464160282429,0.23781431160545824
448,26.942007911884033,0.8799999999999999,1.4911802725648153,0.25856720665696387
449,27.59599906824039,0.8775,1.461007897015814,0.27481779392107625
450,29.6314876554262,0.875,1.540044061380161,0.2479809205031426
451,29.137537158873386,0.8725,1.490063380217144,0.22858753658711956
452,30.276265707083624,0.8699999999999999,1.4486914623406328,0.2589952591147091
453,31.050101162237127,0.8674999999999999,1.4698669668483682,0.24962771408481177
454,32.20615980220725,0.865,1.4755103623638126,0.28291708630837775
455,33.315351907987036,0.8625,1.512364336096226,0.28037633786669747
456,34.47212043277155,0.8599999999999999,1.4171946052274544,0.26091466550733095
457,34.79797248651684,0.8574999999999999,1.4929949631983142,0.2313890605227234
458,35.83989559895301,0.855,1.44873303041795,0.2467819706916301
459,36.495356895203145,0.8525,1.467335096454215,0.2399745925236191
460,37.925765724206386,0.8499999999999999,1.4788274017475616,0.22592340155369994
461,39.30990548352015,0.8474999999999999,1.5206965461668203,0.3094599835792871
462,39.73817797519629,0.845,1.4957485463249223,0.22216663974434328
463,41.10064952743906,0.8425,1.5058851421390909,0.2757025623697242
464,42.297728814935155,0.8400000000000001,1.4549427361847256,0.2630020428408952
465,42.92514759629351,0.8374999999999999,1.4846010841706707,0.2160561763384344
466,43.93419767478119,0.835,1.4814009290120207,0.2555587728468529
467,45.99497391202736,0.8325,1.5053072680918358,0.22051537233937793
468,46.138369050526144,0.8300000000000001,1.492773427005624,0.2211193248774191
469,47.196955103938485,0.8274999999999999,1.464156380487809,0.2710187876433052
470,48.27136400753558,0.825,1.5223241155713505,0.2000025865190853
471,49.649091678082826,0.8225,1.4951290997317814,0.2011638064148395
472,51.28877335420172,0.8200000000000001,1.5628830550778716,0.26059618331070306
473,53.16233165659877,0.8174999999999999,1.5186077638425928,0.2025698125118291
474,53.400139363249984,0.815,1.5009557554690698,0.2381759248512055
475,53.97650142799453,0.8125,1.4756956996834838,0.2266378149828565
476,55.19575311336015,0.81,1.5272422006245376,0.2853237141339674
477,56.503750065565846,0.8074999999999999,1.4833914278119016,0.2795396465699732
478,57.14737719018482,0.8049999999999999,1.5377597742130982,0.26693479322502955
479,59.172554624708916,0.8025,1.5605149688111724,0.2831289488776385
480,59.777425662780225,0.8,1.5192224586488232,0.2539191354107147
481,61.363129051528155,0.7974999999999999,1.5594745455452712,0.2529882989080946
482,62.56429142778573,0.7949999999999999,1.5722591587519945,0.26230952705265176
483,63.58943274187943,0.7925,1.5074130213281876,0.22927751703156338
484,65.01345474315649,0.79,1.5402069585839766,0.23626314302551568
485,66.11089062976896,0.7874999999999999,1.5098999605752945,0.21808788205301538
486,67.64111237447759,0.7849999999999999,1.5813529457936197,0.22433932587845495
487,69.36724838678953,0.7825,1.4885290364813595,0.27089035784198695
488,70.33936821882918,0.78,1.4985522236377145,0.2791570579627034
489,71.71323874281669,0.7775000000000001,1.5784586270555587,0.22664909833824395
490,72.33246402480165,0.7749999999999999,1.5440568551260834,0.3005124059680392
491,75.78423027069812,0.7725,1.6480728605441985,0.24112035821843225
492,74.66030417387331,0.77,1.5639687318233806,0.2492024188512881
493,76.3063126181632,0.7675000000000001,1.5412952344231838,0.23371864175585086
494,77.89844632478847,0.7649999999999999,1.604219968925771,0.23565674730184333
495,78.64325098661405,0.7625,1.5440889050885247,0.23074762663327095
496,79.48938344770518,0.76,1.5945884255743306,0.21636599176799315
497,81.88985955395073,0.7575000000000001,1.6113376559990482,0.22415858975757694
498,81.896336931577,0.7549999999999999,1.56707218774159,0.20295105428204357
499,82.92184228229418,0.7525,1.5842174415768275,0.2015629489293315
500,84.3856172263651,0.75,1.5568514808299643,0.22950443474305326
501,85.60620518599583,0.7475,1.6078353177522509,0.2309328973639922
502,87.58993339569037,0.7449999999999999,1.5860444449893445,0.2582262286819662
503,87.91496722930923,0.7424999999999999,1.598374443283009,0.18344447007125103
504,89.63109166648483,0.74,1.5742636812910187,0.23423810548959495
505,91.06789245099961,0.7375,1.5855679922844206,0.2180123990708421
506,92.4535448685465,0.7349999999999999,1.5902331188779717,0.22197637647366183
507,93.18920810369757,0.7324999999999999,1.6118954922893423,0.21361305677412218
508,94.85966341692956,0.73,1.6280874078466165,0.23976033237517286
509,96.15973042887885,0.7275,1.6473396761303327,0.25005454780787584
510,97.75310218762007,0.7249999999999999,1.6651584220873696,0.24777470345011476
511,98.63370397649717,0.7224999999999999,1.594228413304336,0.2975289750458804
512,99.79370402752485,0.72,1.6117057361790679,0.26804446615610356
513,100.85114630877312,0.7175,1.604365361109359,0.24657343918880398
514,102.52268511772357,0.7150000000000001,1.6365117451877234,0.2657630644379586
515,103.436945396441,0.7124999999999999,1.6190796059147794,0.25566640630995663
516,105.3614401749298,0.71,1.6860181314188687,0.21929013551428733
517,105.40928861825465,0.7075,1.634565721661918,0.22488238532270236
518,107.58996113571251,0.7050000000000001,1.589421472894802,0.23930077420727808
519,110.29583765191003,0.7024999999999999,1.6868886367004712,0.33206568421071003
520,109.12784711928776,0.7,1.6577517725094832,0.24493145277862816
521,110.5766345833711,0.6975,1.6936826914620084,0.25404930631656375
522,112.29345726466349,0.6950000000000001,1.7030831449246049,0.22986709664674615
523,112.60770834998755,0.6924999999999999,1.6387511437806548,0.20208115202633872
524,114.8991843586823,0.69,1.5993567854281463,0.2575963809872047
525,115.37482111060729,0.6875,1.6901038990516999,0.22649744763586485
526,116.05132335059159,0.685,1.683730980674174,0.23866446688475404
527,117.15184683321486,0.6824999999999999,1.671716842884118,0.220057648018539
528,118.3145505968264,0.6799999999999999,1.6707696438373556,0.20694844888086159
529,119.62331620830574,0.6775,1.7130772559728877,0.24578253137072842
530,122.3033541506785,0.675,1.6524516923384351,0.20120187868405806
531,121.90942189784252,0.6724999999999999,1.662526339287088,0.22988407024444074
532,122.81963585947952,0.6699999999999999,1.6664936726943953,0.22600159985139143
533,124.37829173314812,0.6675,1.6534392975272336,0.24866849510497274
534,125.10327151372886,0.665,1.7052676981003805,0.24138447146385883
535,126.34086875439202,0.6624999999999999,1.7003006404016294,0.20167278542001466
536,127.4285499567806,0.6599999999999999,1.6727370796523184,0.25066344871684454
537,128.385185640528,0.6575,1.7283592290521994,0.2313958899615071
538,129.62281314987666,0.655,1.7510162612402493,0.2410281960466396
539,131.31464177253852,0.6525000000000001,1.7799329443593843,0.32668799814345106
540,131.06924984329711,0.6499999999999999,1.7286896561195744,0.21371990485110595
541,132.77760733070156,0.6475,1.7118173182477106,0.22508611475512588
542,133.0419770725938,0.645,1.738586761462886,0.20311660713029292
543,134.2440454498622,0.6425000000000001,1.7677097567681614,0.2226686919942776
544,135.09422345755888,0.6399999999999999,1.756526671921127,0.20111140043964543
545,136.29702230526192,0.6375,1.7590698616064597,0.1898904232095165
546,137.20331014372454,0.635,1.7263754067852248,0.18439394719190283
547,138.0293695864035,0.6325000000000001,1.7621798198624619,0.2662785521256978
548,138.60883950741234,0.6299999999999999,1.7719763337655101,0.2381269953456183
549,139.9493777747085,0.6275,1.7853878885030408,0.2310866773736552
550,140.81726032239197,0.625,1.7297205570728686,0.20138766372483324
551,141.58013723618458,0.6225,1.7673762577376668,0.2361496056933195
552,142.28444846126422,0.6199999999999999,1.7567858284015758,0.1907994679975404
553,143.41825564834116,0.6174999999999999,1.7450403464356192,0.18495382021363768
554,144.0705550763413,0.615,1.7644136084100626,0.17052411293069603
555,145.54806612308494,0.6125,1.8152393514936163,0.1998399371611491
556,145.662122768608,0.6099999999999999,1.8129223806828763,0.21999882383801203
557,146.360482687775,0.6074999999999999,1.804473998595499,0.19043930806092843
558,147.80199340178694,0.605,1.8373847819025544,0.18093424603474564
559,147.95280407302963,0.6025,1.7883925061489225,0.20291577212611958
560,148.97903263551197,0.5999999999999999,1.7791913967821473,0.21793260288797658
561,149.51824676911838,0.5974999999999999,1.8034426422937282,0.2100487411366741
562,150.2917779854322,0.595,1.828342563491447,0.16195287151062787
563,150.86389377249654,0.5925,1.8079723925674716,0.19236974396476172
564,151.55308870655017,0.5900000000000001,1.8193729378462846,0.17905230504937292
565,152.23960934889865,0.5874999999999999,1.8267546256695535,0.2052214317690077
566,153.00777342248622,0.585,1.8630101586548458,0.23850875879441116
567,153.95010271153006,0.5825,1.8631862616766461,0.24318901309759927
568,154.4556413476845,0.5800000000000001,1.870502770588807,0.21028574389991178
569,155.08444337815627,0.5774999999999999,1.8868070637779655,0.24815644964092298
570,155.8924132213187,0.575,1.8163391917904497,0.19023474524375944
571,155.94371862776927,0.5725,1.8564545079135442,0.16675010493928838
572,156.92521875330146,0.5700000000000001,1.8445734000014067,0.21959309958024625
573,156.84349579147272,0.5674999999999999,1.8729049759384586,0.23185049060598972
574,157.52569785222659,0.565,1.8572043026124065,0.20981231674018713
575,158.07831033889747,0.5625,1.9028760642364995,0.2233987197416718
576,158.5362490096476,0.56,1.8697621648832876,0.19904611128589403
577,158.8841341301827,0.5574999999999999,1.8746092541577761,0.2419767912587527
578,159.31731081217237,0.5549999999999999,1.8751949321522987,0.22319891874836686
579,159.55006621390822,0.5525,1.8880402009408013,0.18392341364867518
580,160.06185013798208,0.55,1.8864531559138855,0.17785602314107368
581,160.8408434135542,0.5474999999999999,1.9088191678369737,0.19290511372186417
582,161.18162623753676,0.5449999999999999,1.9245877273319336,0.20306054179257718
583,161.10591967755147,0.5425,1.9213891689835072,0.16075681601206254
584,161.56809544425187,0.54,1.901459210019016,0.18002067950120146
585,162.12420768810324,0.5374999999999999,1.901309547641073,0.20020054416521735
586,162.0393413919192,0.5349999999999999,1.9349666790120144,0.1783855349733907
587,162.74897990240794,0.5325,1.9128636988711154,0.2051760049131488
588,162.8581465643057,0.53,1.931388316536046,0.20783792388164707
589,162.87692474561152,0.5275000000000001,1.9634712506427667,0.17889690834400956
590,163.13487466191833,0.5249999999999999,1.9668381983861103,0.22983080685973153
591,163.46465840262465,0.5225,1.9248207499664927,0.18546074622294093
592,163.50162584518608,0.52,1.9505563487854947,0.1688797564533387
593,163.68556510445424,0.5175000000000001,1.9413134667227545,0.19055352603456244
594,163.7937311871036,0.5149999999999999,1.988818249616371,0.18419330296376918
595,164.30584716390644,0.5125,1.935093051039006,0.17490434835385543
596,164.10412221581208,0.51,1.9667091628636977,0.17354565605240815
597,163.98092349564226,0.5075000000000001,1.9842127175405402,0.18452900005173106
598,164.64906262787088,0.5049999999999999,1.961350236340594,0.21724912806458918
599,164.19610579721828,0.5025,2.0165798715173966,0.21471481625558084
600,164.25935330869638,0.5,2.0231305682850778,0.17924751467022562
601,164.7063449567347,0.49750000000000005,2.042782750771033,0.19872468101873525
602,164.00245413445228,0.4949999999999999,2.01696024636418,0.19834195794743262
603,164.3739066311199,0.49249999999999994,1.9873427963504242,0.1783258709111553
604,163.8972491712471,0.49,2.021412502842919,0.1713359264064461
605,164.25564860269975,0.48750000000000004,2.031470792765256,0.1902134962403913
606,163.79351593672888,0.4849999999999999,2.0253843912662566,0.16890148254363996
607,163.6751147808065,0.48249999999999993,2.0425379951806333,0.18684529304966882
608,163.49419785498893,0.48,2.0269878381449473,0.16129903328304898
609,163.47420254908377,0.47750000000000004,2.02573670886718,0.18134057720310853
610,163.49831953508007,0.47499999999999987,2.0314872997088584,0.20571724231195665
611,163.24319467550725,0.4724999999999999,2.076339740114203,0.1927631030291996
612,162.79419787013896,0.47,2.0716711267485586,0.23026009350309568
613,162.94448802538977,0.4675,2.041244235292052,0.18903257387990008
614,162.53191601356218,0.46499999999999986,2.0478100115834423,0.19193886334807742
615,162.12564890015878,0.4624999999999999,2.06104629027652,0.20078734007641988
616,161.9659364020627,0.45999999999999996,2.069901836543412,0.2076774805028539
617,161.61246556022843,0.4575,2.109401300512241,0.1798687023478714
618,161.52482596858175,0.45500000000000007,2.063246010861422,0.17727621172796856
619,161.1118410527131,0.4524999999999999,2.1215050296494264,0.1569679263179967
620,160.71423817887978,0.44999999999999996,2.09546204930823,0.18321773784588094
621,159.94968220761388,0.4475,2.093292758753026,0.19439243595706676
622,159.7017849947886,0.44500000000000006,2.0882732324170243,0.18764384336609108
623,159.05952452689485,0.4424999999999999,2.1077050161839677,0.16143130021106628
624,158.814843743212,0.43999999999999995,2.1229773203362328,0.20325686353898315
625,158.1530275272396,0.4375,2.1292166945195743,0.177257977921738
626,158.04589389951673,0.43500000000000005,2.1123949674579343,0.14354052214072308
627,157.3329196317604,0.4324999999999999,2.1194542667796736,0.16619961945084877
628,156.7389386964885,0.42999999999999994,2.155608206371112,0.18556934491364957
629,156.3216908648914,0.4275,2.130415193695003,0.16463735184777098
630,156.47994974179534,0.42500000000000004,2.1095166882320187,0.15111920504087462
631,155.08266796358646,0.4224999999999999,2.157789299195032,0.15135211456180853
632,154.85401497686047,0.41999999999999993,2.143676323348134,0.17656345478633598
633,154.13302130773104,0.4175,2.14838018495199,0.16714736844906153
634,153.58086966278094,0.41500000000000004,2.2046904623996264,0.18774892961993855
635,152.9303977674249,0.41249999999999987,2.1939917016152304,0.1639696470308051
636,151.98617855410134,0.4099999999999999,2.1865240329663,0.17713542622305223
637,151.31804805166647,0.4075,2.2015399454358255,0.16031294578050986
638,150.55259953169772,0.405,2.201705861338685,0.14404533601335526
639,149.89495982926786,0.40249999999999986,2.208876111857509,0.1813660242426232
640,149.18202628415594,0.3999999999999999,2.2087346399751473,0.15673139587075147
641,148.32613669790504,0.39749999999999996,2.217849728220429,0.13664816042759817
642,147.6057621096299,0.395,2.2119090891684046,0.14805881655520087
643,146.88213395646773,0.39250000000000007,2.229733971013201,0.1654151557746459
644,146.01869687705448,0.3899999999999999,2.233958953566516,0.13326168862475424
645,146.54064108654495,0.38749999999999996,2.2745148832183992,0.15668133558737043
646,144.62154946622329,0.385,2.241626972498734,0.14022011269901868
647,143.69970378605328,0.38250000000000006,2.263168531786174,0.1503361445311639
648,143.05214240647837,0.3799999999999999,2.231136696096662,0.15562092765019583
649,141.9555266751596,0.37749999999999995,2.2575512691573434,0.13360912045898032
650,141.06528599019396,0.375,2.2537477296421935,0.14051324508922444
651,140.1127088669822,0.37250000000000005,2.2640645497919674,0.1583333367323087
652,139.42645178391635,0.3699999999999999,2.2940376573537553,0.15042860874451763
653,138.36754194212415,0.36749999999999994,2.2840592462312617,0.17316637134254276
654,137.47577091145587,0.365,2.291798739108495,0.12136785621490268
655,136.42327535406318,0.36250000000000004,2.2942172050151135,0.12759280716259275
656,135.6025793969475,0.3599999999999999,2.2860630477328816,0.15794936782425786
657,134.7706064652956,0.35749999999999993,2.321940890227743,0.15782982700981876
658,133.89021259398064,0.355,2.2866006387860214,0.12864454658204877
659,132.73485516969265,0.35250000000000004,2.2977823808512894,0.13916980993072114
660,131.68994069980008,0.34999999999999987,2.3077339153741594,0.1510543786355057
661,130.55005774741858,0.3474999999999999,2.3283408725626664,0.12547640910306193
662,129.65090792610633,0.345,2.3404833644073575,0.15021379286658126
663,128.52766541604726,0.3425,2.3469580805356607,0.10321874591632627
664,127.56043312438756,0.33999999999999986,2.3273255689883547,0.147624227337199
665,126.62929518511423,0.3374999999999999,2.3445742889856604,0.12920318999494143
666,125.40726734838798,0.33499999999999996,2.3463128760707757,0.14760967827505805
667,124.40289149077367,0.3325,2.3632815633425,0.12236174073616116
668,123.37594670653178,0.33000000000000007,2.3573922376729386,0.14249260537057387
669,122.4018132623927,0.3274999999999999,2.3623955439115623,0.1244639593552942
670,121.18518432503333,0.32499999999999996,2.3890932534188942,0.1323100773884864
671,120.09935848138525,0.3225,2.4007869404778193,0.12394868177430787
672,118.80276248660635,0.32000000000000006,2.3843330499852255,0.12359572469325472
673,117.65350605493691,0.3174999999999999,2.3932413898051275,0.1407636691590319
674,116.49992885412195,0.31499999999999995,2.395259162938052,0.10888231384760708
675,115.98394463369672,0.3125,2.398385986330989,0.1251161250586912
676,114.33021557124206,0.31000000000000005,2.4179019814989307,0.10517496991763771
677,112.92485032715342,0.3074999999999999,2.4199346358504545,0.1312813984099324
678,111.93351314421245,0.30499999999999994,2.442030732936563,0.12625091593007887
679,110.61418425053819,0.3025,2.428322241097298,0.1075551683740481
680,109.54401867015791,0.30000000000000004,2.4403071873760247,0.150135183297042
681,108.4618073237416,0.2974999999999999,2.430850532906546,0.11579168087862227
682,107.65730455412493,0.29499999999999993,2.454683246777246,0.10445442902895812
683,106.02689964180708,0.2925,2.461773651911117,0.12171015150655151
684,104.77106225869032,0.29000000000000004,2.456764581074629,0.1258474235738275
685,103.64733380860673,0.28749999999999987,2.4763931730436677,0.11944699029825694
686,102.61389658612265,0.2849999999999999,2.4837333365936938,0.13421411795876143
687,101.16149240851666,0.2825,2.4811037982075157,0.1259515497869297
688,99.96031601617858,0.28,2.471671078046271,0.11737983621141548
689,98.80923170145698,0.27749999999999986,2.498090039200272,0.11389218331205271
690,97.69604357083779,0.2749999999999999,2.504231350706539,0.11740510048026451
691,96.48514959030089,0.27249999999999996,2.4926849582003117,0.0892865388467717
692,95.14309614492585,0.27,2.5085713930852003,0.11914657818530465
693,94.15185793563039,0.26750000000000007,2.492762154546219,0.1191322622434656
694,92.70190348385809,0.2649999999999999,2.5079345540568982,0.0925697452942329
695,91.39754414165412,0.26249999999999996,2.524198226346399,0.10972105895672424
696,90.12676119957243,0.26,2.522135863765483,0.08546671339633587
697,88.95708582187405,0.25750000000000006,2.529529207654645,0.10693049830386585
698,87.7163706694772,0.2549999999999999,2.531938376209366,0.09835517479519976
699,86.67876170799761,0.25249999999999995,2.5291717721649722,0.11385289095525557
700,85.36416512572185,0.25,2.560706788496241,0.10482904652402569
701,84.36562409245589,0.24750000000000005,2.575944022956715,0.10295495481247234
702,82.96521631478763,0.24499999999999988,2.565091195861082,0.10213322863099157
703,81.61020696202903,0.24249999999999994,2.5636250510163925,0.09048584840257032
704,80.4379678670835,0.24,2.5859278165017683,0.1006821223085533
705,79.30994307161086,0.23750000000000004,2.5864794062173786,0.10778809533607422
706,77.93769801205289,0.23499999999999988,2.582033397164006,0.12199071723021311
707,76.66574244200494,0.23249999999999993,2.5956888450440765,0.12012078120543243
708,75.625150008041,0.22999999999999998,2.601648065566746,0.08842783680963054
709,74.31532369127444,0.22750000000000004,2.601962389037922,0.094802770086276
710,73.00607168585348,0.22499999999999987,2.6163703293999925,0.09642229912410406
711,71.79478429727496,0.22249999999999992,2.6160681650156805,0.10137877174372947
712,70.58877950365023,0.21999999999999997,2.6266871416774222,0.08769033806647974
713,69.40752178442449,0.21750000000000003,2.6247497075516657,0.09229112632465822
714,68.20267031407921,0.21499999999999986,2.637886948502939,0.10540756233032707
715,66.97842595196863,0.2124999999999999,2.64763593744085,0.0752387670190365
716,65.8887409435158,0.20999999999999996,2.646777145230063,0.10343223741274163
717,64.7753381620609,0.20750000000000002,2.6432013521815043,0.08711975509881499
718,63.71438680713029,0.20500000000000007,2.653071161061573,0.11143168315642182
719,62.258758259977476,0.2024999999999999,2.6651207233171332,0.08518436902445443
720,61.054711662011606,0.19999999999999996,2.6726474179859547,0.08460959892712883
721,59.89322271674203,0.1975,2.671926846476563,0.08394418928842187
722,58.716340499787066,0.19500000000000006,2.681197993231671,0.07450093633339602
723,57.73609879036517,0.1924999999999999,2.702090922472338,0.07498983145102284
724,56.60407205754893,0.18999999999999995,2.7014505890182368,0.08297863454682383
725,55.39917085681729,0.1875,2.7023092208165185,0.08582780009889904
726,54.27475769699966,0.18500000000000005,2.7140419973166265,0.08685746081807726
727,53.195167946132514,0.18249999999999988,2.720868642489698,0.06935514333399714
728,52.072401711874434,0.17999999999999994,2.717044867811187,0.07487751849755864
729,50.96158715871454,0.1775,2.722876851643901,0.06899218718666794
730,49.88808542224941,0.17500000000000004,2.7286407096637255,0.08120396704263039
731,48.81356046008811,0.17249999999999988,2.733445015537683,0.08027201018483082
732,47.769112249612924,0.16999999999999993,2.74051889054826,0.07606594884567597
733,46.62635269530382,0.16749999999999998,2.751389659812795,0.07474740035096483
734,45.611255728423295,0.16500000000000004,2.761251881929703,0.0719984723554655
735,44.64082088128609,0.16249999999999987,2.755280320612115,0.07974803965930201
736,43.62402840122995,0.15999999999999992,2.761632050054854,0.06930510981615241
737,42.583896342920305,0.15749999999999997,2.7729283073465356,0.06924204868157227
738,41.632357093960984,0.15500000000000003,2.784401058097009,0.06489900207013552
739,40.64016395778671,0.15249999999999986,2.7841919395352783,0.0761281344418131
740,39.67384893860005,0.1499999999999999,2.7958658110261134,0.06365575574873626
741,38.70445871267292,0.14749999999999996,2.8054298747950135,0.0612754164832898
742,37.74961466352746,0.14500000000000002,2.8099255258198945,0.07279468010955736
743,36.826015560495456,0.14250000000000007,2.808121222342539,0.0688874281040712
744,35.875397645218385,0.1399999999999999,2.814824643058899,0.07099499911851147
745,34.99720161576792,0.13749999999999996,2.8325712983092997,0.0524205794420034
746,34.08157051279319,0.135,2.8275455765135145,0.05759336565858338
747,33.18299280761073,0.13250000000000006,2.8319918411256935,0.05642820041290926
748,32.29816331678295,0.1299999999999999,2.8428630750760187,0.049346140955498774
749,31.460342356475152,0.12749999999999995,2.8528367177717726,0.06532047982843794
750,30.589890045539008,0.125,2.8598219498421544,0.054636010347977645
751,29.761534453822577,0.12250000000000005,2.8617816217867906,0.04848086136906528
752,29.026235346178453,0.11999999999999988,2.8641190066857556,0.05435017048777533
753,28.220935655211562,0.11749999999999994,2.8724592764110604,0.047549931484145096
754,27.374150499065806,0.11499999999999999,2.880319248446649,0.05007055201865794
755,26.604577028969203,0.11250000000000004,2.8860596847184747,0.05283092811473853
756,25.901766606848682,0.10999999999999988,2.884559778775161,0.04450156179209043
757,25.106907346760423,0.10749999999999993,2.893864753666768,0.053044031912809306
758,24.374136427242405,0.10499999999999998,2.9077511767256508,0.038489918922682546
759,23.670512386767157,0.10250000000000004,2.908196128449758,0.04229756759955906
760,22.98267914684149,0.09999999999999987,2.913171904419153,0.03577312185591352
761,22.334236525401735,0.09749999999999992,2.9184123186417787,0.04563983975480251
762,21.684788742208525,0.09499999999999997,2.923995514098918,0.039795383568458506
763,21.01382713587755,0.09250000000000003,2.9341616363083607,0.039482977679364005
764,20.3864432877712,0.08999999999999986,2.939762801248333,0.03858691326199316
765,19.804847357187327,0.08749999999999991,2.947436225377755,0.046506026208652386
766,19.201940809550138,0.08499999999999996,2.956130205107154,0.03146620732854033
767,18.610131324095136,0.08250000000000002,2.958388715508828,0.039968327989418115
768,18.06276853824562,0.08000000000000007,2.9630212835458294,0.039135356472061185
769,17.52114300407638,0.0774999999999999,2.9689422164222687,0.03694197275448817
770,16.988519755317085,0.07499999999999996,2.9794021477470776,0.03374637738992883
771,16.484184631690226,0.07250000000000001,2.982688557341408,0.039701727587709526
772,15.99872491734746,0.07000000000000006,2.992541339276747,0.037412992028421646
773,15.562584070559978,0.0674999999999999,2.998248149978064,0.03690155259567001
774,15.081698037329033,0.06499999999999995,3.005365732323206,0.027879174919231788
775,14.647962595028645,0.0625,3.0067620220918596,0.02729359571906833
776,14.23339967594572,0.06000000000000005,3.016315144861386,0.026427353148733172
777,13.843161714308366,0.057499999999999885,3.018292220676109,0.03290701735794579
778,13.45863855602839,0.05499999999999994,3.0273846298750944,0.023492988691052128
779,13.100851150856428,0.05249999999999999,3.032952450529865,0.023458998779418812
780,12.761727915485238,0.050000000000000044,3.040709563041426,0.019227889564349947
781,12.447954948133955,0.047499999999999876,3.047384377433713,0.026193890296384942
782,12.145070043692527,0.04499999999999993,3.0533383801329292,0.020801895476602862
783,11.86287716584394,0.04249999999999998,3.061033140939455,0.02114393226176987
784,11.596352493533871,0.040000000000000036,3.0657999069419977,0.018881125555451902
785,11.35611767263184,0.03749999999999987,3.0732811570070053,0.018411697482230562
786,11.12976742475918,0.03499999999999992,3.0776085054486884,0.018043476508944337
787,10.926119376841001,0.03249999999999997,3.0849701133529464,0.016238139893707364
788,10.741253238784864,0.030000000000000027,3.089523807934857,0.014262169013233527
789,10.575758254726026,0.027499999999999858,3.0973692659837515,0.01330067752302067
790,10.429566003204187,0.02499999999999991,3.1031972692979455,0.011150340458476163
791,10.305692991579477,0.022499999999999964,3.11021671414156,0.01021640920531856
792,10.197627726687372,0.020000000000000018,3.116050329047509,0.008163468040744238
793,10.110443959490283,0.01749999999999985,3.121835672251623,0.008525050309475887
794,10.04390734543415,0.014999999999999902,3.127767526931415,0.009056922337212696
795,9.996829960851272,0.012499999999999956,3.134339077309157,0.005557252518715479
796,9.969415742063319,0.010000000000000009,3.1406979216137745,0.004733483132486029
797,9.961962214572836,0.007500000000000062,3.147379063335307,0.003472504252967706
798,9.974376783840995,0.004999999999999893,3.1531367214086883,0.0022334911477061197
799,10.00788315187728,0.0024999999999999467,3.1585640046508106,0.0011879188719391787
800,10.066619454823098,0,3.163259284194888,4.005437502163301E-05
